"Average Prices and Volumes of Sales","","","","","","","","","",""
"By pcSector for county - GREATER LONDON","","","","","","","","","",""
"2013","","","","","","","","","",""
"Age: any","","","","","","","","","",""
"Report created on: 2024-04-18","","","","","","","","","",""
"","Detached","Sales","Semi-det","Sales","Terraced","Sales","Flat/mais","Sales","Overall average","Total sales"
"BR1 1","372500","1","0","0","241528","4","188150","10","214674","15"
"BR1 2","892559","69","424016","32","324152","41","261316","45","535853","187"
"BR1 3","796000","11","474947","33","322104","61","216211","173","293101","278"
"BR1 4","606905","21","410274","31","250711","103","187237","46","298008","201"
"BR1 5","366667","3","321427","49","219271","117","165246","12","245787","181"
"BR2 0","619415","36","426742","48","339321","35","225855","135","335233","254"
"BR2 6","1040920","25","379333","3","262500","2","372875","4","858162","34"
"BR2 7","580545","21","403247","59","331532","14","203136","11","408180","105"
"BR2 8","498636","22","332740","72","286845","50","188475","12","330329","156"
"BR2 9","609937","24","371440","59","323639","140","219980","134","311877","357"
"BR3 1","620647","16","599135","42","394652","23","234767","114","363766","195"
"BR3 3","693700","15","468741","45","387611","98","418871","24","437020","182"
"BR3 4","572100","10","414294","63","343740","121","199716","99","318041","293"
"BR3 5","781454","12","601429","7","412550","20","244718","135","315376","174"
"BR3 6","750141","46","598682","11","406091","11","370497","51","541633","119"
"BR4 0","529639","14","441749","46","373048","43","165605","19","384615","122"
"BR4 9","550325","20","401807","88","323100","5","184981","29","375673","142"
"BR5 1","595822","51","411529","133","274054","13","200325","20","427141","217"
"BR5 2","324708","12","241277","75","201716","51","141433","18","223241","156"
"BR5 3","297000","5","224061","47","198473","76","142079","19","202717","147"
"BR5 4","332192","13","240074","57","208838","55","133812","16","224325","141"
"BR6 0","592895","38","323768","52","230105","45","196638","29","337946","164"
"BR6 6","642289","38","354547","34","239305","20","188333","3","440134","95"
"BR6 7","508224","42","349771","24","293055","27","207274","16","375860","109"
"BR6 8","907700","55","349155","39","254692","13","191566","19","559455","126"
"BR6 9","423609","58","326833","119","269706","42","201522","20","329793","239"
"BR7 5","867301","63","561884","25","409958","60","255475","81","497720","229"
"BR7 6","821426","40","371859","61","323805","59","270356","30","435556","190"
"BR8 7","0","0","0","0","159000","1","0","0","159000","1"
"CR0 0","0","0","208068","72","202135","33","155139","18","198730","123"
"CR0 1","330210","1","250667","9","220635","30","175980","105","190919","145"
"CR0 2","321000","4","222975","20","204743","61","195768","221","200973","306"
"CR0 3","265000","1","217451","23","204391","86","133806","8","202665","118"
"CR0 4","304250","2","269951","53","229142","66","196316","149","219594","270"
"CR0 5","627281","32","331503","15","305562","39","198716","117","296612","203"
"CR0 6","450411","4","261467","30","247922","134","176154","103","225133","271"
"CR0 7","386281","35","313255","74","287480","71","210542","33","300750","213"
"CR0 8","417100","15","356193","76","255337","28","173663","30","306621","149"
"CR0 9","420000","1","307883","9","218522","66","152794","76","192275","152"
"CR2 0","505220","69","389426","38","236733","15","201305","42","376001","164"
"CR2 6","453267","15","300947","23","261209","73","174756","123","231983","234"
"CR2 7","527193","36","336079","32","223426","21","192336","90","289026","179"
"CR2 8","476680","25","307680","58","244587","31","203889","14","314055","128"
"CR2 9","481604","28","344074","43","298045","11","220410","9","368596","91"
"CR3 0","316250","4","280667","6","217000","1","0","0","287818","11"
"CR3 5","0","0","280000","1","0","0","0","0","280000","1"
"CR4 1","260000","1","270585","23","247076","79","178393","59","225479","162"
"CR4 2","430000","2","298667","3","268111","83","199062","52","245432","140"
"CR4 3","291050","10","283743","14","267884","80","164682","70","228974","174"
"CR4 4","232000","3","278806","16","257391","33","151047","30","221734","82"
"CR5 1","404740","34","326398","46","288066","19","162727","13","324680","112"
"CR5 2","452372","40","344547","30","257462","13","161082","28","326924","111"
"CR5 3","524958","12","335904","35","268331","18","215000","1","350016","66"
"CR6 9","345667","3","331250","2","0","0","0","0","339900","5"
"CR7 6","355000","2","264214","7","254275","40","138864","11","237633","60"
"CR7 7","279000","3","261939","9","234736","101","148680","33","217871","146"
"CR7 8","375250","3","297399","25","240274","83","148072","41","227463","152"
"CR8 1","460685","37","366253","23","319250","4","157250","8","388947","72"
"CR8 2","525377","31","319385","23","265769","28","195243","61","300587","143"
"CR8 3","754947","41","487111","9","0","0","287258","33","539956","83"
"CR8 4","525797","32","357250","28","237421","7","172565","31","345306","98"
"CR8 5","532287","41","298842","24","258952","23","195267","30","345846","118"
"DA1 3","311975","5","244149","10","219385","13","155037","6","228929","34"
"DA1 4","296833","3","225651","33","218006","80","148334","104","187292","220"
"DA14 4","467844","16","330137","54","260742","33","168483","52","275345","155"
"DA14 5","591500","2","269659","22","204386","22","140499","8","235851","54"
"DA14 6","356875","4","329409","22","244110","25","168891","65","222027","116"
"DA15 7","509426","16","377548","30","265540","23","168384","86","258489","155"
"DA15 8","369793","22","288728","85","239235","93","176744","17","266962","217"
"DA15 9","273500","4","344086","63","222005","77","150727","11","267896","155"
"DA16 1","0","0","238381","106","234339","38","143500","13","229547","157"
"DA16 2","275100","3","268634","107","249770","85","151500","11","254690","206"
"DA16 3","257167","3","253144","52","226552","19","141250","32","214712","106"
"DA17 5","263583","6","226979","26","190195","62","134467","44","182548","138"
"DA17 6","294000","1","234484","33","186030","26","136890","91","167720","151"
"DA18 4","0","0","0","0","157250","10","93499","5","136000","15"
"DA5 1","492740","25","313260","55","295385","35","227610","73","300541","188"
"DA5 2","490833","12","382375","8","0","0","266250","2","430977","22"
"DA5 3","457000","12","334408","44","250571","46","183167","6","303919","108"
"DA6 7","378837","8","294980","28","254437","8","156967","15","265765","59"
"DA6 8","413523","22","285241","29","229933","15","170388","23","277948","89"
"DA7 4","310850","10","283322","76","240461","54","163908","58","238043","198"
"DA7 5","301815","13","266964","128","271500","21","174500","2","269180","164"
"DA7 6","343000","16","264569","87","209881","38","141233","30","238117","171"
"DA8 1","256667","3","230110","53","186816","60","126566","41","187032","157"
"DA8 2","0","0","194226","17","173167","64","102900","20","162797","101"
"DA8 3","377000","2","245102","46","197571","21","124916","12","218231","81"
"E1 0","0","0","0","0","473546","6","274433","76","289002","82"
"E1 1","0","0","0","0","597071","7","359914","66","382655","73"
"E1 2","125000","1","0","0","682472","11","288318","79","334168","91"
"E1 3","0","0","0","0","645833","6","302298","145","315949","151"
"E1 4","635000","1","0","0","492600","20","291976","195","312141","216"
"E1 5","0","0","0","0","406937","4","356472","60","359626","64"
"E1 6","0","0","0","0","2149667","3","497893","140","532545","143"
"E1 7","3500000","1","0","0","635000","1","422744","18","587220","20"
"E1 8","0","0","0","0","522500","2","569498","171","568955","173"
"E10 5","250000","1","305000","4","280827","60","185758","62","234934","127"
"E10 6","0","0","347125","8","331625","91","202791","79","275143","178"
"E10 7","0","0","280000","3","282400","54","184809","56","233972","113"
"E11 1","649416","6","468600","5","418277","37","235357","101","305281","149"
"E11 2","805714","7","601358","58","488312","60","254519","69","450409","194"
"E11 3","599000","2","625571","7","333646","92","183441","75","284264","176"
"E11 4","0","0","200000","2","310465","79","194546","55","261962","136"
"E11 5","0","0","0","0","0","0","450000","1","450000","1"
"E12 5","580000","3","601625","8","294025","78","157052","38","279173","127"
"E12 6","0","0","220000","1","238189","74","142446","28","211985","103"
"E13 0","0","0","292333","6","238448","49","150589","28","212704","83"
"E13 8","0","0","207000","1","225681","72","135715","36","195796","109"
"E13 9","0","0","0","0","220732","60","151600","30","197688","90"
"E14 0","0","0","0","0","414833","15","225837","46","272311","61"
"E14 2","0","0","0","0","648333","3","351282","37","373561","40"
"E14 3","600000","1","564667","6","449588","57","340184","275","363319","339"
"E14 4","0","0","0","0","0","0","712799","17","712799","17"
"E14 5","0","0","0","0","0","0","432833","21","432833","21"
"E14 6","0","0","0","0","374636","11","273501","278","277350","289"
"E14 7","0","0","0","0","577586","11","336772","166","351737","177"
"E14 8","0","0","270000","2","958250","8","482349","226","496682","236"
"E14 9","0","0","472500","2","496000","16","429886","526","431987","544"
"E15 1","0","0","292990","5","277734","64","207656","79","240843","148"
"E15 2","0","0","258000","3","257905","21","247684","92","249801","116"
"E15 3","0","0","250000","5","271839","50","163587","31","231548","86"
"E15 4","0","0","247000","1","277543","67","194238","41","245928","109"
"E16 1","320000","1","302500","2","314547","37","259812","298","266234","338"
"E16 2","0","0","0","0","242650","20","271054","213","268616","233"
"E16 3","297750","4","238500","6","225717","50","145991","18","211996","78"
"E16 4","0","0","0","0","230648","27","156250","14","205244","41"
"E17 3","650000","1","451191","11","365638","49","183795","60","285595","121"
"E17 4","324000","1","340985","26","314618","133","200229","47","292002","207"
"E17 5","0","0","294000","11","270352","98","227234","83","253067","192"
"E17 6","0","0","284250","4","312276","106","210634","52","278958","162"
"E17 7","0","0","372500","2","324903","50","231431","65","273788","117"
"E17 8","320500","2","325000","2","285292","100","185631","61","249356","165"
"E17 9","523750","4","459329","10","418812","77","225837","60","347596","151"
"E18 1","495000","2","444977","28","403500","53","213256","58","334778","141"
"E18 2","888112","12","589395","32","407338","23","236959","116","362700","183"
"E1W 1","0","0","0","0","2625000","2","846221","44","923559","46"
"E1W 2","0","0","0","0","596712","16","498902","70","517099","86"
"E1W 3","0","0","0","0","557000","6","462879","100","468207","106"
"E2 0","0","0","0","0","629124","4","302297","118","313012","122"
"E2 6","0","0","0","0","675250","10","369425","78","404178","88"
"E2 7","0","0","0","0","756417","12","456526","131","481692","143"
"E2 8","0","0","0","0","522143","7","370840","67","385152","74"
"E2 9","0","0","0","0","470667","6","306056","64","320166","70"
"E3 2","0","0","574999","2","460370","27","292827","265","310134","294"
"E3 3","0","0","0","0","367143","7","290611","282","292464","289"
"E3 4","0","0","823000","1","521937","21","251292","251","274205","273"
"E3 5","500000","1","621750","2","624019","52","298416","86","424512","141"
"E4 6","553128","8","382705","68","292106","73","194543","54","306788","203"
"E4 7","501214","7","357048","69","322347","47","205904","50","309771","173"
"E4 8","410833","3","314044","33","279515","84","159216","30","265678","150"
"E4 9","440014","9","366909","54","301477","154","197690","66","294163","283"
"E5 0","500000","1","621250","2","593156","81","323806","82","459881","166"
"E5 8","0","0","785000","1","652961","22","294799","106","359681","129"
"E5 9","0","0","495000","1","608583","20","265509","113","318427","134"
"E6 1","0","0","0","0","229017","48","147039","16","208522","64"
"E6 2","0","0","223000","4","217077","68","135062","16","202435","88"
"E6 3","290000","1","235000","2","224217","129","136368","19","213741","151"
"E6 5","329000","3","278636","11","224429","35","141238","21","212471","70"
"E6 6","250000","1","236657","6","224149","47","139720","25","198708","79"
"E7 0","301250","4","258750","4","323133","77","192916","24","291296","109"
"E7 8","0","0","276500","2","243471","72","150847","38","212635","112"
"E7 9","499999","1","370832","6","256112","69","179997","33","241620","109"
"E8 1","490000","1","618750","4","659214","14","361772","70","421551","89"
"E8 2","0","0","999999","1","573510","15","368575","60","417331","76"
"E8 3","0","0","929750","6","1018565","23","384670","220","456357","249"
"E8 4","950000","1","1258333","3","704971","17","318949","58","445678","79"
"E9 5","0","0","407000","1","529817","24","262464","77","326787","102"
"E9 6","0","0","376000","2","595323","15","225238","38","331653","55"
"E9 7","827000","2","556667","3","711624","34","375630","112","460859","151"
"EC1A 4","0","0","0","0","0","0","765000","2","765000","2"
"EC1A 7","0","0","0","0","0","0","659975","15","659975","15"
"EC1A 9","0","0","0","0","0","0","587800","10","587800","10"
"EC1M 3","0","0","0","0","0","0","780790","5","780790","5"
"EC1M 4","0","0","0","0","0","0","1325667","3","1325667","3"
"EC1M 5","0","0","0","0","0","0","773105","19","773105","19"
"EC1M 6","0","0","0","0","0","0","419190","5","419190","5"
"EC1M 7","0","0","0","0","0","0","454500","2","454500","2"
"EC1N 7","0","0","0","0","0","0","355850","10","355850","10"
"EC1N 8","0","0","0","0","0","0","824890","15","824890","15"
"EC1R 0","0","0","0","0","0","0","778154","13","778154","13"
"EC1R 1","0","0","0","0","1222500","2","660883","30","695984","32"
"EC1R 3","0","0","0","0","0","0","455690","5","455690","5"
"EC1R 4","0","0","0","0","0","0","517854","13","517854","13"
"EC1R 5","0","0","0","0","0","0","727672","7","727672","7"
"EC1V 0","0","0","0","0","0","0","588778","17","588778","17"
"EC1V 1","0","0","0","0","0","0","604000","5","604000","5"
"EC1V 2","0","0","0","0","1450000","1","497422","12","570697","13"
"EC1V 3","0","0","0","0","0","0","717940","52","717940","52"
"EC1V 4","0","0","0","0","1249000","1","665868","30","684679","31"
"EC1V 7","0","0","0","0","699998","3","679592","38","681085","41"
"EC1V 8","0","0","0","0","0","0","565824","102","565824","102"
"EC1V 9","0","0","0","0","0","0","543684","19","543684","19"
"EC1Y 0","0","0","0","0","0","0","592147","22","592147","22"
"EC1Y 1","0","0","0","0","0","0","2183333","3","2183333","3"
"EC1Y 2","0","0","0","0","0","0","804825","6","804825","6"
"EC1Y 8","0","0","755000","1","0","0","470524","21","483455","22"
"EC2A 1","0","0","0","0","0","0","775000","1","775000","1"
"EC2A 2","0","0","0","0","0","0","866250","8","866250","8"
"EC2A 3","0","0","0","0","0","0","670326","23","670326","23"
"EC2A 4","0","0","0","0","0","0","688301","60","688301","60"
"EC2M 1","0","0","0","0","0","0","490000","1","490000","1"
"EC2M 4","0","0","0","0","0","0","1896667","3","1896667","3"
"EC2R 7","0","0","0","0","0","0","775000","1","775000","1"
"EC2Y 5","0","0","0","0","0","0","575000","1","575000","1"
"EC2Y 8","0","0","0","0","0","0","769675","73","769675","73"
"EC2Y 9","0","0","0","0","0","0","834861","213","834861","213"
"EC3A 5","0","0","0","0","0","0","459975","2","459975","2"
"EC3N 1","0","0","0","0","0","0","302333","3","302333","3"
"EC3N 2","0","0","0","0","0","0","626650","6","626650","6"
"EC3N 4","0","0","0","0","0","0","805000","1","805000","1"
"EC3R 8","0","0","0","0","0","0","629375","4","629375","4"
"EC3V 1","0","0","0","0","0","0","687475","2","687475","2"
"EC4A 1","0","0","0","0","0","0","642330","15","642330","15"
"EC4A 2","0","0","0","0","0","0","555000","2","555000","2"
"EC4A 3","0","0","0","0","0","0","785042","14","785042","14"
"EC4M 7","0","0","0","0","0","0","1061250","4","1061250","4"
"EC4M 9","0","0","0","0","0","0","438000","1","438000","1"
"EC4R 1","0","0","0","0","0","0","412500","1","412500","1"
"EC4R 2","0","0","0","0","0","0","1280750","2","1280750","2"
"EC4V 3","0","0","0","0","0","0","758291","17","758291","17"
"EC4V 5","0","0","0","0","1625000","1","376000","1","1000500","2"
"EC4V 6","0","0","0","0","0","0","620000","1","620000","1"
"EC4Y 0","0","0","0","0","0","0","682667","15","682667","15"
"EC4Y 8","0","0","0","0","0","0","608000","1","608000","1"
"EN1 1","0","0","377682","11","280696","97","205957","133","243877","241"
"EN1 2","541249","8","460810","29","381567","37","223752","75","326127","149"
"EN1 3","0","0","372486","43","306241","67","187101","33","298667","143"
"EN1 4","349196","1","275827","11","256594","55","152204","48","215668","115"
"EN2 0","386750","4","407881","34","324830","78","182674","37","310527","153"
"EN2 6","576667","3","423365","27","389500","11","215672","24","348023","65"
"EN2 7","614997","19","405894","34","382265","13","284388","63","374971","129"
"EN2 8","588125","8","451861","18","352261","23","242315","95","305280","144"
"EN2 9","393400","5","427500","4","272500","4","291500","2","356667","15"
"EN3 4","0","0","237999","5","234689","29","137830","33","187230","67"
"EN3 5","319998","3","253600","20","239894","60","146454","33","217747","116"
"EN3 6","353700","5","259552","38","241166","66","140827","81","205029","190"
"EN3 7","0","0","262785","14","236141","53","150954","22","219275","89"
"EN4 0","1383146","24","645500","10","350000","2","403467","15","909853","51"
"EN4 8","466400","5","416185","69","356700","48","217208","52","341754","174"
"EN4 9","651400","15","483019","48","367054","14","295227","52","414313","129"
"EN5 1","718895","10","514318","33","356800","10","278672","60","393361","113"
"EN5 2","575857","14","456584","56","345486","33","219131","43","372975","146"
"EN5 3","916294","17","376317","20","335740","10","259579","3","544790","50"
"EN5 4","816583","12","566203","16","495738","34","215793","30","458556","92"
"EN5 5","694286","21","519256","35","389664","24","236310","77","384088","157"
"EN8 8","267000","1","0","0","228125","8","139500","4","203846","13"
"HA0 1","0","0","263231","13","280409","23","182504","36","228355","72"
"HA0 2","522844","8","365028","16","286311","14","196139","54","267642","92"
"HA0 3","432857","7","374104","27","399637","8","178971","17","328312","59"
"HA0 4","0","0","361997","19","320119","16","201678","25","284030","60"
"HA1 1","472500","5","389219","27","326056","9","221561","70","282118","111"
"HA1 2","559362","4","436273","11","313375","8","211847","63","266160","86"
"HA1 3","617333","15","573409","11","429775","18","283872","62","385882","106"
"HA1 4","468333","3","389376","35","361747","50","203597","77","295742","165"
"HA2 0","642500","6","346938","25","305229","36","222235","68","286138","135"
"HA2 6","466500","8","408336","53","320455","11","204935","20","358669","92"
"HA2 7","460321","12","423777","57","429111","9","198639","14","394805","92"
"HA2 8","315000","1","321636","33","292887","41","175990","49","254523","124"
"HA2 9","580000","1","345209","11","307156","77","200129","19","294729","108"
"HA3 0","555619","8","471126","43","455833","3","187903","21","400224","75"
"HA3 5","0","0","308210","26","258234","19","182552","24","250741","69"
"HA3 6","595941","17","345734","44","273797","15","276442","26","359194","102"
"HA3 7","489183","6","350972","29","287373","35","200640","59","271389","129"
"HA3 8","435000","2","406281","48","357854","14","216750","16","360618","80"
"HA3 9","543333","3","370735","23","318319","31","215143","16","321467","73"
"HA4 0","355972","9","339497","37","327551","71","201548","21","313433","138"
"HA4 6","380000","14","357386","63","301693","41","227929","48","308104","166"
"HA4 7","557729","62","453142","38","266431","24","242306","42","411866","166"
"HA4 8","549723","41","459144","34","344918","19","261326","48","403145","142"
"HA4 9","548000","1","364151","70","306476","46","243692","51","312885","168"
"HA5 1","666292","24","481670","59","418923","13","301354","14","491586","110"
"HA5 2","580852","39","405381","34","342627","15","250116","45","397224","133"
"HA5 3","722239","46","467923","22","386056","18","253538","69","438455","155"
"HA5 4","709655","37","521276","34","380500","2","241413","53","456639","126"
"HA5 5","572364","11","503131","49","388944","9","241311","28","424810","97"
"HA6 1","533508","26","420086","39","333616","19","246817","33","382378","117"
"HA6 2","953826","23","410000","2","390964","14","278800","41","495779","80"
"HA6 3","817654","13","372300","1","287333","3","386182","11","575422","28"
"HA7 1","594500","2","368761","33","359661","9","284635","83","316691","127"
"HA7 2","594625","4","378452","68","421672","20","222595","10","380124","102"
"HA7 3","1080346","26","680703","37","512211","18","501489","45","675094","126"
"HA7 4","885339","38","403214","21","390636","7","331421","56","519708","122"
"HA8 0","0","0","293590","5","254501","52","198196","25","239718","82"
"HA8 5","658750","2","348249","34","308633","18","195923","13","317319","67"
"HA8 6","523992","6","412616","46","325867","24","270337","31","358183","107"
"HA8 7","771425","14","634000","6","245500","3","255727","22","465921","45"
"HA8 8","624978","23","441475","46","311787","16","282593","46","402063","131"
"HA8 9","668000","5","402477","43","283309","37","199825","16","339863","101"
"HA9 0","0","0","0","0","0","0","250829","40","250829","40"
"HA9 6","385000","2","322706","17","301045","11","236243","36","273822","66"
"HA9 7","0","0","395000","16","291592","13","216000","46","267289","75"
"HA9 8","521333","6","403749","37","308600","19","203670","43","311313","105"
"HA9 9","626159","22","440348","33","297217","6","217706","24","415474","85"
"IG1 1","0","0","270000","1","249344","48","162320","39","211011","88"
"IG1 2","330000","1","360000","1","239899","89","154722","27","222191","118"
"IG1 3","687500","2","434765","17","368711","66","143166","36","316156","121"
"IG1 4","370000","2","420200","5","302371","35","158557","24","261051","66"
"IG11 0","225000","2","196200","5","223750","92","141893","63","191082","162"
"IG11 7","0","0","186130","4","197154","62","132842","38","173231","104"
"IG11 8","0","0","0","0","214642","21","134082","36","163762","57"
"IG11 9","0","0","305416","12","269172","116","128934","38","239690","166"
"IG2 6","416200","5","368464","14","334015","75","184216","16","320346","110"
"IG2 7","575000","1","287524","19","271300","55","149547","45","230742","120"
"IG3 8","322500","2","265846","13","281380","74","151740","25","251900","114"
"IG3 9","405000","4","348942","26","287177","100","144812","16","285803","146"
"IG4 5","505000","2","379586","22","360871","37","160833","15","330600","76"
"IG5 0","422167","6","345274","94","305629","48","165567","30","306887","178"
"IG6 1","209000","2","326095","21","316281","56","211432","59","271393","138"
"IG6 2","499639","8","300686","43","279091","82","176700","25","279934","158"
"IG6 3","292375","4","241922","26","244836","40","165549","10","236355","80"
"IG7 4","0","0","246450","31","225784","51","150167","24","214707","106"
"IG7 5","0","0","0","0","158000","1","153100","5","153917","6"
"IG7 6","452500","2","352500","2","336500","2","0","0","380500","6"
"IG8 0","848510","48","598922","32","342893","20","276681","59","522491","159"
"IG8 7","310667","3","363320","40","316336","64","198054","24","308882","131"
"IG8 8","860000","2","337043","35","359898","44","284136","33","339724","114"
"IG8 9","533833","6","467591","55","435544","52","227215","37","399838","150"
"IG9 5","611333","3","0","0","0","0","204500","3","407917","6"
"IG9 6","0","0","354500","4","387571","7","198250","1","360771","12"
"IG9 8","0","0","0","0","0","0","167500","1","167500","1"
"KT1 1","0","0","0","0","0","0","385568","28","385568","28"
"KT1 2","666071","14","540140","43","486676","17","271878","90","398132","164"
"KT1 3","568000","2","490498","59","367500","20","231447","56","367784","137"
"KT1 4","624500","4","985937","8","733375","4","330223","53","446679","69"
"KT17 2","550000","1","429950","2","336475","2","0","0","416570","5"
"KT17 3","900000","1","0","0","0","0","0","0","900000","1"
"KT19 9","0","0","320000","1","0","0","0","0","320000","1"
"KT2 5","845432","27","655179","58","491965","44","402090","145","513783","274"
"KT2 6","649218","17","588199","49","448417","18","276437","66","441165","150"
"KT2 7","2369583","30","958467","15","496962","13","291233","73","864008","131"
"KT3 3","763237","19","482827","53","377570","61","223106","56","400090","189"
"KT3 4","1092800","10","603952","25","411875","20","236990","25","502363","80"
"KT3 5","520595","22","443964","66","374188","21","229403","29","400474","138"
"KT3 6","548747","16","459596","39","376577","84","238911","18","398962","157"
"KT4 7","533444","9","433686","35","346529","17","175841","16","372525","77"
"KT4 8","418725","24","376204","84","310212","134","208549","71","313182","313"
"KT5 8","708600","17","535641","35","418728","35","259559","87","390981","174"
"KT5 9","449324","17","450718","73","274347","34","239169","13","386700","137"
"KT6 4","952500","2","662324","12","539089","11","308085","184","346749","209"
"KT6 5","1094400","5","585492","12","305963","11","244559","39","379124","67"
"KT6 6","1026333","18","589962","4","552119","8","278536","112","397513","142"
"KT6 7","525763","15","414193","83","336528","53","249948","66","352981","217"
"KT8 9","1243333","3","1200000","1","0","0","364900","5","750500","9"
"KT9 1","398812","17","302925","57","254997","44","176448","33","272114","151"
"KT9 2","389767","20","302609","44","270856","84","187691","44","271461","192"
"N1 0","0","0","940000","1","1380417","24","514952","66","747878","91"
"N1 1","967500","3","2000000","1","1523803","40","507804","97","816395","141"
"N1 2","2750000","1","2369400","5","1618417","24","525476","91","836837","121"
"N1 3","0","0","620000","1","1051526","31","451423","106","587451","138"
"N1 4","0","0","988983","3","1000696","23","396013","127","498540","153"
"N1 5","0","0","0","0","639992","6","426798","222","432408","228"
"N1 6","0","0","775000","1","2349000","2","459602","108","496486","111"
"N1 7","0","0","865000","1","1124577","26","568964","115","672781","142"
"N1 8","1155000","1","585000","1","1303780","25","528537","75","725243","102"
"N1 9","0","0","0","0","1135300","5","536533","85","569798","90"
"N10 1","938800","5","987139","18","568897","29","306768","77","485129","129"
"N10 2","746667","3","1113923","13","908975","39","322814","99","546296","154"
"N10 3","1506667","3","1228875","18","1235739","44","406146","85","770231","150"
"N11 1","420250","2","378789","19","323005","30","218630","49","284405","100"
"N11 2","0","0","516380","22","415148","44","232874","48","357937","114"
"N11 3","695250","4","498321","14","414117","39","321725","70","381329","127"
"N12 0","413300","3","518000","21","442368","19","263924","39","375804","82"
"N12 7","907564","14","669014","37","524500","5","422961","27","620504","83"
"N12 8","967500","2","640000","7","479278","25","283536","73","365374","107"
"N12 9","600000","3","598855","28","430679","14","233960","52","379004","97"
"N13 4","527500","1","557786","26","462838","50","247406","72","375739","149"
"N13 5","317333","3","369735","14","362375","82","235599","47","321344","146"
"N13 6","0","0","329800","5","326750","24","175590","26","255570","55"
"N14 4","588444","9","496586","29","369278","18","264704","118","330914","174"
"N14 5","570833","6","506297","20","383863","11","222750","10","425552","47"
"N14 6","681071","7","631364","33","379375","8","267291","39","448987","87"
"N14 7","641000","5","541084","35","657500","6","260970","20","474354","66"
"N15 3","0","0","327500","2","393756","59","243514","48","326379","109"
"N15 4","650000","1","395000","2","300287","31","194953","36","253817","70"
"N15 5","0","0","315000","1","321039","37","171374","23","264509","61"
"N15 6","0","0","346960","2","397712","26","235513","35","305990","63"
"N16 0","0","0","745857","3","787048","42","354025","60","538429","105"
"N16 5","0","0","415750","2","655000","11","338726","82","376969","95"
"N16 6","0","0","850000","1","611643","14","287270","44","373778","59"
"N16 7","0","0","528577","1","699890","24","333768","119","396141","144"
"N16 8","0","0","360000","1","650895","30","337996","97","411504","128"
"N16 9","0","0","0","0","846183","23","410715","70","518411","93"
"N17 0","0","0","0","0","254722","18","148190","29","188989","47"
"N17 6","390000","1","0","0","307890","81","188356","55","260502","137"
"N17 7","0","0","269999","5","244915","24","170045","11","227461","40"
"N17 8","0","0","288000","3","272384","14","153136","22","206317","39"
"N17 9","285000","1","0","0","256587","34","206159","82","221487","117"
"N18 1","0","0","241600","5","244714","77","132734","16","226273","98"
"N18 2","0","0","259833","3","221350","47","130113","24","193320","74"
"N19 3","903100","1","842000","1","737925","38","321135","100","442141","140"
"N19 4","1087000","1","990100","5","771627","37","337854","70","515376","113"
"N19 5","0","0","1250000","1","808272","18","397554","132","452159","151"
"N1C 4","0","0","0","0","0","0","863558","72","863558","72"
"N2 0","2833273","22","1299138","30","467706","17","546249","65","1080323","134"
"N2 8","640000","1","636143","7","482370","22","248537","53","347923","83"
"N2 9","1670077","5","851187","16","758116","31","342030","43","633456","95"
"N20 0","791887","8","469040","41","348614","40","220830","61","353206","150"
"N20 8","1766862","33","812831","24","962500","2","590000","1","1338823","60"
"N20 9","996094","17","709637","16","420917","6","259774","29","563923","68"
"N21 1","774157","23","583589","40","418525","16","275150","85","434350","164"
"N21 2","822000","6","578669","43","397268","11","232025","46","423187","106"
"N21 3","761921","7","551882","28","465987","47","251809","21","465782","103"
"N22 5","0","0","425917","6","341585","43","232227","65","283670","114"
"N22 6","700000","1","430000","1","326218","65","236021","45","294242","112"
"N22 7","1429000","2","907000","6","703754","41","337106","47","552061","96"
"N22 8","0","0","435000","5","430800","24","235089","70","292630","99"
"N3 1","1591571","7","724301","27","590422","9","318894","54","548775","97"
"N3 2","1500000","1","813063","23","545015","31","284493","44","501147","99"
"N3 3","1301050","19","845095","20","606658","6","448526","66","674455","111"
"N4 1","605000","2","555000","1","500032","46","301156","58","394706","107"
"N4 2","767500","1","1162500","2","696213","27","358107","224","401993","254"
"N4 3","1083333","3","953250","2","691093","26","345959","112","432674","143"
"N4 4","0","0","1381000","2","935675","20","348947","117","448218","139"
"N5 1","1910000","1","1320000","4","1120558","56","483470","281","601744","342"
"N5 2","1078000","1","2024975","2","1152952","32","446113","146","592016","181"
"N6 4","4216419","13","2045357","7","1275114","22","570987","50","1366661","92"
"N6 5","2073167","15","1475000","13","1087165","35","451737","149","734114","212"
"N6 6","2320000","3","1431667","3","1852000","5","563888","36","868404","47"
"N7 0","0","0","786667","3","948423","13","342547","101","421254","117"
"N7 6","0","0","462500","2","735166","23","361921","89","438989","114"
"N7 7","0","0","0","0","416714","7","371372","115","373974","122"
"N7 8","565000","2","1925000","2","836961","12","423540","139","476746","155"
"N7 9","0","0","1283833","3","733833","6","382014","120","419350","129"
"N8 0","0","0","450625","4","516385","49","278507","59","388726","112"
"N8 7","825000","1","1003000","5","682861","42","302308","133","412857","181"
"N8 8","1450000","1","1063700","10","926546","46","448507","69","679802","126"
"N8 9","1265417","6","1064250","4","923444","36","405069","135","551259","181"
"N9 0","0","0","252545","10","207554","28","148981","26","190788","64"
"N9 7","310000","1","250000","6","230730","67","122071","14","215658","88"
"N9 8","185000","1","243750","2","237611","58","128074","26","204412","87"
"N9 9","262500","2","269197","33","258222","36","141940","43","217613","114"
"NP19 0","0","0","0","0","112000","1","0","0","112000","1"
"NW1 0","0","0","990000","1","752833","6","401087","63","439650","70"
"NW1 1","0","0","0","0","895983","3","386874","32","430512","35"
"NW1 2","0","0","0","0","0","0","497874","21","497874","21"
"NW1 3","0","0","0","0","0","0","747234","90","747234","90"
"NW1 4","0","0","7221500","2","3251667","12","1855713","19","2688532","33"
"NW1 5","0","0","0","0","961553","1","993815","72","993373","73"
"NW1 6","0","0","670000","1","1778333","9","692102","57","837684","67"
"NW1 7","4600000","1","4883333","3","2851429","7","583868","67","1004220","78"
"NW1 8","0","0","0","0","2096235","30","742444","64","1174505","94"
"NW1 9","825000","2","1850000","3","1165200","15","493563","76","647799","96"
"NW10 0","337000","1","251500","2","278263","15","186250","16","235116","34"
"NW10 1","775000","1","537661","22","537890","15","230912","24","422803","62"
"NW10 2","1140000","2","603324","6","573500","6","320990","54","392271","68"
"NW10 3","1175000","3","971529","31","1125500","24","396166","47","754992","105"
"NW10 4","655000","1","437167","3","503336","28","295429","39","388474","71"
"NW10 5","0","0","1212487","4","749630","64","404983","95","560120","163"
"NW10 6","0","0","390000","3","384077","13","241031","13","320566","29"
"NW10 7","0","0","399000","8","355495","10","221466","22","290480","40"
"NW10 8","0","0","0","0","285600","5","215071","41","222737","46"
"NW10 9","0","0","0","0","341085","17","228096","46","258585","63"
"NW11 0","1085000","9","780895","19","1366000","3","398171","19","725305","50"
"NW11 6","2471042","12","1014439","27","658417","24","312406","27","903103","90"
"NW11 7","3075666","15","1644156","16","795309","16","478547","42","1182758","89"
"NW11 8","1338000","5","963384","28","822500","2","471389","41","718904","76"
"NW11 9","828707","7","746397","15","435111","9","435438","25","567837","56"
"NW2 1","750000","1","483398","36","362604","14","230835","31","370545","82"
"NW2 2","2316667","3","1276379","21","656692","18","314048","45","686282","87"
"NW2 3","1347487","4","1156654","13","870833","6","378539","116","500446","139"
"NW2 4","1537875","8","1035938","17","861250","8","390876","82","598746","115"
"NW2 5","898300","3","742100","5","490064","21","306156","60","394001","89"
"NW2 6","831000","5","659176","25","487900","18","285371","52","442559","100"
"NW2 7","0","0","433808","13","316411","28","215617","18","311527","59"
"NW3 1","3650000","2","2906250","4","2399136","22","1062799","36","1718230","64"
"NW3 2","0","0","3024500","10","1609740","31","600594","126","933065","167"
"NW3 3","0","0","1350000","1","1725333","21","821060","83","1006952","105"
"NW3 4","4910000","2","0","0","1922442","16","806047","136","975335","154"
"NW3 5","6361250","4","4137500","2","1603833","6","1040495","111","1291365","123"
"NW3 6","4259000","2","2736892","6","1235000","2","817539","85","1020001","95"
"NW3 7","3662738","21","4199167","6","1262296","6","976928","59","1818750","92"
"NW4 1","1199667","15","596067","15","741667","3","341110","64","525691","97"
"NW4 2","978929","14","690033","15","463632","11","284893","28","546065","68"
"NW4 3","690000","6","481750","16","391385","13","267644","33","378945","68"
"NW4 4","789273","11","505501","31","454268","11","239977","66","379731","119"
"NW5 1","2150000","1","2119635","7","1193561","21","459167","55","801267","84"
"NW5 2","0","0","1962499","4","1061535","17","507254","93","640972","114"
"NW5 3","0","0","0","0","997818","11","676327","26","771905","37"
"NW5 4","980000","1","0","0","946006","14","315835","44","476624","59"
"NW6 1","846650","3","1335012","8","1125751","43","617738","150","756314","204"
"NW6 2","0","0","1150000","1","973013","14","476329","92","547612","107"
"NW6 3","1695000","2","971000","1","2665000","5","705989","127","795160","135"
"NW6 4","0","0","0","0","1235417","6","477224","92","523644","98"
"NW6 5","3037500","2","506667","3","679286","7","348178","114","413034","126"
"NW6 6","0","0","1726250","4","1565568","37","496589","80","864117","121"
"NW6 7","2065781","8","1968002","8","935629","35","404423","146","629762","197"
"NW7 1","748744","8","460081","29","528121","12","355881","57","433538","106"
"NW7 2","1330909","11","499424","50","385652","26","251403","31","486709","118"
"NW7 3","881319","8","513872","31","404250","4","235374","37","416330","80"
"NW7 4","1065924","33","584646","24","502300","10","456961","19","731538","86"
"NW8 0","4173250","10","4827922","7","3306154","13","638450","45","1963176","75"
"NW8 6","16500000","1","2845000","3","2612955","11","1023288","38","1748348","53"
"NW8 7","0","0","3362500","2","1725000","2","1480697","82","1530142","86"
"NW8 8","0","0","0","0","665000","4","583771","68","588283","72"
"NW8 9","3345333","3","5570778","9","3170797","15","790266","137","1317082","164"
"NW9 0","480625","4","367500","37","312000","13","219620","13","334792","67"
"NW9 5","0","0","348143","14","258833","21","274845","462","276233","497"
"NW9 6","0","0","372470","20","327444","9","192377","24","283273","53"
"NW9 7","0","0","342205","10","264804","16","230885","135","241170","161"
"NW9 8","436667","3","441732","17","340444","18","192152","23","317491","61"
"NW9 9","459250","2","380389","18","347366","19","206804","28","300835","67"
"RM1 1","0","0","249995","1","0","0","132269","13","140678","14"
"RM1 2","321000","2","274279","19","217713","27","145901","48","195154","96"
"RM1 3","333333","3","425000","1","250000","1","157956","34","180654","39"
"RM1 4","432199","15","299068","93","238034","44","145154","13","282769","165"
"RM10 7","0","0","203825","20","182434","53","125184","19","175261","92"
"RM10 8","209200","5","231593","16","190896","84","114383","30","179394","135"
"RM10 9","0","0","195450","11","171342","48","103211","13","162723","72"
"RM11 1","489867","29","270496","61","281081","46","166452","27","295278","163"
"RM11 2","614838","45","297402","46","269922","32","202479","39","357299","162"
"RM11 3","688256","41","296730","63","255906","16","165266","30","373100","150"
"RM12 4","330749","8","267198","63","232882","110","136052","25","235426","206"
"RM12 5","361723","11","245998","60","230616","59","162357","14","240404","144"
"RM12 6","354286","7","283969","88","238875","20","150065","31","252731","146"
"RM13 7","258863","15","229043","23","206034","59","122444","9","211405","106"
"RM13 8","247091","11","223500","16","190625","28","145538","13","198875","68"
"RM13 9","287290","31","219419","69","184781","54","115379","17","210442","171"
"RM14 1","662792","24","354483","79","252290","31","205839","28","354911","162"
"RM14 2","447261","23","368025","79","295571","14","230025","20","353672","136"
"RM14 3","440499","10","408680","47","388875","8","201181","8","388129","73"
"RM2 5","522211","19","322048","42","298192","26","185821","39","305143","126"
"RM2 6","564824","17","348002","39","269388","9","158090","47","294900","112"
"RM3 0","363088","17","287522","76","280321","58","170272","46","264545","197"
"RM3 7","256650","10","225478","47","208528","87","153057","35","204821","179"
"RM3 8","0","0","192630","27","183701","51","104611","18","171383","96"
"RM3 9","435000","1","220231","29","190875","71","116682","11","193369","112"
"RM4 1","602500","2","355000","4","212625","4","0","0","347550","10"
"RM5 2","287183","10","229315","63","199629","31","143250","4","222965","108"
"RM5 3","294625","12","239639","45","221329","57","134500","16","223746","130"
"RM6 4","321333","3","257227","11","265043","70","137494","28","233896","112"
"RM6 5","250000","1","252144","36","226323","48","129775","20","217011","105"
"RM6 6","274333","6","250686","24","242288","47","136521","36","212077","113"
"RM7 0","246221","9","221829","38","226558","79","167156","161","193225","287"
"RM7 7","240759","3","247391","23","239080","25","148687","16","220422","67"
"RM7 8","267599","6","235800","35","225378","39","150367","21","215901","101"
"RM7 9","270000","1","234537","24","221086","33","148458","24","204363","82"
"RM8 1","0","0","211462","13","193653","75","132181","11","189162","99"
"RM8 2","0","0","183333","15","192522","117","173445","144","182070","276"
"RM8 3","0","0","192786","7","180065","95","114619","8","176114","110"
"RM9 4","0","0","238950","10","177286","74","115423","13","175352","97"
"RM9 5","0","0","190624","8","180849","73","120750","4","178941","85"
"RM9 6","0","0","190167","6","176771","70","114249","10","170436","86"
"SE1 0","0","0","0","0","548000","5","444347","36","456988","41"
"SE1 1","0","0","0","0","765000","1","513844","39","520122","40"
"SE1 2","0","0","0","0","1900000","1","738197","174","744836","175"
"SE1 3","0","0","0","0","639999","9","509710","168","516334","177"
"SE1 4","0","0","0","0","993667","15","421060","172","466991","187"
"SE1 5","0","0","0","0","398754","25","235445","76","275868","101"
"SE1 6","0","0","0","0","935500","2","321258","77","336809","79"
"SE1 7","0","0","0","0","957500","5","567163","97","586297","102"
"SE1 8","0","0","0","0","1197500","2","610855","29","648703","31"
"SE1 9","0","0","0","0","0","0","1431718","63","1431718","63"
"SE10 0","980000","1","535000","4","478277","38","332836","91","384945","134"
"SE10 8","1519500","4","1392167","6","748376","74","335354","162","504627","246"
"SE10 9","0","0","0","0","529986","50","457660","264","469177","314"
"SE11 4","0","0","1575000","1","893777","32","407392","72","566743","105"
"SE11 5","0","0","0","0","670611","9","311919","44","372829","53"
"SE11 6","0","0","0","0","941786","7","375839","35","470163","42"
"SE12 0","485000","1","352493","38","300794","50","177495","60","265565","149"
"SE12 8","559692","13","597923","26","402849","38","232629","62","378081","139"
"SE12 9","478750","4","314082","42","261437","45","156552","28","262643","119"
"SE13 5","932000","2","541636","11","436757","80","255433","136","338434","229"
"SE13 6","420000","2","417556","9","353295","50","218079","151","260343","212"
"SE13 7","1086714","7","569689","18","401197","67","248848","295","305301","387"
"SE14 5","272741","1","826889","9","446615","46","235001","139","312432","195"
"SE14 6","0","0","485000","1","385229","33","215597","91","262535","125"
"SE15 1","0","0","500000","1","353961","14","197515","30","252909","45"
"SE15 2","0","0","0","0","440228","55","237363","91","313785","146"
"SE15 3","568333","3","503500","8","473997","94","254491","119","359702","224"
"SE15 4","1210000","1","643450","10","625206","62","327920","85","470130","158"
"SE15 5","1090000","1","938571","7","459172","23","229677","49","368439","80"
"SE15 6","0","0","0","0","441000","8","211497","86","231029","94"
"SE16 2","0","0","0","0","316800","5","284002","130","285216","135"
"SE16 3","0","0","402500","2","315154","13","226673","100","239733","115"
"SE16 4","0","0","0","0","715567","15","396943","118","432878","133"
"SE16 5","0","0","425000","1","487680","25","374889","134","392826","160"
"SE16 6","432500","2","430000","6","450468","28","358780","41","399586","77"
"SE16 7","0","0","580000","1","496000","17","384770","407","389678","425"
"SE17 1","395000","1","0","0","519583","6","261619","36","300716","43"
"SE17 2","0","0","425000","1","427933","15","275904","122","293509","138"
"SE17 3","0","0","0","0","557259","23","292290","114","336774","137"
"SE18 1","0","0","217562","8","209311","101","130182","11","202608","120"
"SE18 2","225000","1","234635","18","219104","87","150833","12","214580","118"
"SE18 3","401143","7","325838","26","275437","64","183694","36","267073","133"
"SE18 4","0","0","332000","1","270765","17","229021","81","237229","99"
"SE18 5","0","0","200000","1","231250","11","156373","52","169924","64"
"SE18 6","0","0","0","0","221571","7","284467","209","282429","216"
"SE18 7","0","0","231000","3","210329","56","147703","32","188988","91"
"SE19 1","935824","6","509619","8","422968","24","257429","142","313322","180"
"SE19 2","349250","4","504610","20","416473","44","208906","155","278899","223"
"SE19 3","517668","19","447750","14","394085","44","222386","115","307387","192"
"SE2 0","285000","1","263969","18","214068","80","135636","17","210928","116"
"SE2 9","273333","3","213889","9","188862","39","112957","23","171738","74"
"SE20 7","522475","2","413038","25","326036","63","182482","94","266655","184"
"SE20 8","430000","2","481699","5","270686","22","207848","143","226430","172"
"SE21 7","1352500","7","1357559","17","1083889","9","381364","11","1056727","44"
"SE21 8","1383667","9","830498","21","564339","47","273684","103","470038","180"
"SE22 0","1070667","3","765037","43","619132","45","309595","117","481693","208"
"SE22 8","484517","3","957340","26","680734","53","295057","101","503957","183"
"SE22 9","1065000","1","673973","19","640591","90","325159","92","502170","202"
"SE23 1","641237","4","483833","6","452932","64","245871","86","347503","160"
"SE23 2","639267","9","535922","16","395700","92","231309","144","321996","261"
"SE23 3","734474","13","668134","26","464764","33","258558","139","370599","211"
"SE24 0","1000000","4","805125","8","633642","43","343063","68","496064","123"
"SE24 9","1012500","4","1168146","24","791414","48","347354","78","630955","154"
"SE25 4","319500","4","292781","21","246952","85","153448","41","229859","151"
"SE25 5","650000","1","283611","9","225132","58","177957","90","204280","158"
"SE25 6","433158","6","353778","18","261901","41","175925","98","226660","163"
"SE26 4","788333","3","494200","10","363607","38","217162","81","293290","132"
"SE26 5","1100000","2","497219","18","390190","34","218341","72","318547","126"
"SE26 6","778750","4","516814","11","334959","39","259445","143","299309","197"
"SE27 0","606742","6","511620","28","367726","51","244248","112","325257","197"
"SE27 9","612500","1","496187","16","440417","57","246004","95","337430","169"
"SE28 0","0","0","122000","1","188964","28","156994","46","168463","75"
"SE28 8","175500","2","181318","11","171396","68","111092","38","153126","119"
"SE3 0","1546667","12","1125667","12","631786","35","343596","96","562360","155"
"SE3 7","1118000","7","1086837","16","616197","18","324510","152","443692","193"
"SE3 8","429500","2","346365","62","329817","52","226021","21","322851","137"
"SE3 9","1402071","14","545510","10","442323","44","357082","101","476992","169"
"SE4 1","863750","4","488119","22","480560","92","282443","158","373302","276"
"SE4 2","0","0","580000","1","426442","67","234803","85","320979","153"
"SE5 0","650000","1","670000","1","550106","9","276107","90","308124","101"
"SE5 7","590000","1","550500","1","595240","24","281610","71","365160","97"
"SE5 8","1258750","4","1012467","15","784265","49","305807","154","476330","222"
"SE5 9","0","0","810000","1","600824","25","278734","78","361268","104"
"SE6 1","304975","2","328321","19","295949","136","156569","62","259381","219"
"SE6 2","349997","2","419353","29","296246","43","186237","69","268882","143"
"SE6 3","377500","2","271571","26","236016","27","183894","52","221970","107"
"SE6 4","567500","2","383730","15","307571","55","176968","50","267670","122"
"SE7 7","395000","2","386000","13","399624","84","201544","50","331903","149"
"SE7 8","742500","2","338895","10","357447","43","179215","32","298610","87"
"SE8 3","0","0","0","0","390286","7","352566","216","353750","223"
"SE8 4","476049","2","0","0","369297","15","252193","185","263105","202"
"SE8 5","0","0","0","0","363578","16","220741","77","245316","93"
"SE9 1","605714","7","353970","42","319920","87","168175","20","322457","156"
"SE9 2","483750","6","351897","44","275667","45","159980","33","281800","128"
"SE9 3","412600","5","309319","87","270155","42","174260","33","275873","167"
"SE9 4","551150","15","423583","24","208797","82","175844","37","266208","158"
"SE9 5","589900","5","278056","18","221658","19","191702","42","240684","84"
"SE9 6","0","0","272462","20","240591","38","242026","80","246042","138"
"SM1 1","0","0","246111","9","258406","8","179167","6","232924","23"
"SM1 2","455500","18","367368","46","262535","67","184385","112","260654","243"
"SM1 3","388062","8","329168","46","281261","61","185545","50","270791","165"
"SM1 4","378286","7","312821","31","262508","36","178808","116","223881","190"
"SM2 5","577182","33","452475","20","328247","18","194459","160","281898","231"
"SM2 6","599574","27","428829","10","299971","28","204494","142","279779","207"
"SM2 7","1008856","30","529869","8","0","0","218495","10","764366","48"
"SM3 8","0","0","384078","45","328763","26","226273","30","322966","101"
"SM3 9","352667","3","320214","51","296877","81","185855","33","283150","168"
"SM4 4","420333","3","356690","36","333523","139","205385","36","317081","214"
"SM4 5","240000","1","352444","9","287871","45","193215","86","233919","141"
"SM4 6","377917","6","353889","18","247279","95","184390","32","251851","151"
"SM5 1","0","0","219975","2","216229","100","137773","11","208658","113"
"SM5 2","353083","6","297913","41","252627","79","172032","82","232678","208"
"SM5 3","475132","28","371010","56","335865","35","209333","27","352654","146"
"SM5 4","551818","36","399570","46","312048","35","214501","49","359505","166"
"SM6 0","548038","13","386755","20","272642","13","183434","76","265123","122"
"SM6 7","340737","4","287266","28","240188","21","171204","49","223915","102"
"SM6 8","392583","6","329329","65","283556","51","168086","60","265431","182"
"SM6 9","469889","27","401013","31","232547","20","165209","43","304738","121"
"SM7 1","812650","10","0","0","0","0","0","0","812650","10"
"SW10 0","0","0","2000000","1","2186780","25","922396","125","1138867","151"
"SW10 9","0","0","0","0","3588164","25","1010714","193","1306293","218"
"SW11 1","0","0","820000","1","1039773","51","489531","168","618589","220"
"SW11 2","0","0","857376","4","657541","53","377568","125","469643","182"
"SW11 3","770000","3","943850","10","803372","37","462941","225","529582","275"
"SW11 4","1400000","2","2800000","1","1891239","18","760306","177","879881","198"
"SW11 5","0","0","838000","4","815888","121","426726","168","593053","293"
"SW11 6","1305000","3","1341875","8","1255556","117","561657","97","960137","225"
"SW12 0","911667","3","654200","5","767664","59","438090","128","550634","195"
"SW12 8","1242000","5","1534067","15","1039042","97","444023","149","737472","266"
"SW12 9","507500","1","860990","5","837656","61","423602","209","523342","276"
"SW13 0","0","0","2042583","12","1012989","84","488991","33","974719","129"
"SW13 8","0","0","1975000","1","1223400","9","884929","35","976847","45"
"SW13 9","3704318","11","2065099","40","934000","25","477306","36","1463254","112"
"SW14 7","2852727","11","956762","34","796500","43","329728","56","809890","144"
"SW14 8","1764000","8","1305933","30","801017","89","431026","70","785545","197"
"SW15 1","840000","1","1724367","13","1055544","65","509707","95","806260","174"
"SW15 2","1412500","4","1138000","10","994357","49","477696","167","632734","230"
"SW15 3","1486996","14","704246","12","635075","6","386498","167","490576","199"
"SW15 4","1172500","2","0","0","497545","11","179885","57","258163","70"
"SW15 5","2847493","8","1025000","10","630473","107","429460","125","616692","250"
"SW15 6","2618838","17","1481346","13","969969","16","420683","129","763231","175"
"SW16 1","1228357","7","911195","16","505938","18","261100","152","372910","193"
"SW16 2","534000","5","501984","31","412058","36","249104","268","293604","340"
"SW16 3","594591","11","493613","38","435477","27","226405","38","400518","114"
"SW16 4","577195","10","339783","21","292120","64","204620","25","305988","120"
"SW16 5","386633","3","458450","22","311489","184","240915","134","294001","343"
"SW16 6","450200","5","726561","18","455848","75","256727","164","349698","262"
"SW17 0","499950","1","427312","8","510468","85","273818","137","367192","231"
"SW17 6","0","0","0","0","492166","6","279128","35","310305","41"
"SW17 7","1839200","5","991500","13","823306","96","376704","123","622184","237"
"SW17 8","0","0","1858220","5","678245","142","391100","166","544807","313"
"SW17 9","689833","3","487825","6","450720","75","285933","154","348042","238"
"SW18 1","1891250","2","1106154","13","807160","80","512458","455","574370","550"
"SW18 2","2030000","2","1501603","10","1049087","76","378390","169","633286","257"
"SW18 3","2322500","2","1796478","31","774043","110","414854","172","688366","315"
"SW18 4","795000","1","546250","4","648083","55","368771","278","417583","338"
"SW18 5","1210833","6","812785","20","753727","126","395560","114","614978","266"
"SW19 1","1255000","2","703755","22","522809","89","305161","120","434085","233"
"SW19 2","407450","1","431723","11","340124","57","251949","152","284343","221"
"SW19 3","1208333","6","829657","51","632304","70","314063","76","579767","203"
"SW19 4","2928902","19","1920391","23","1106136","22","460581","114","992468","178"
"SW19 5","2688219","16","1105750","8","1049417","24","532314","48","1068693","96"
"SW19 6","1488533","6","679375","4","569280","30","273997","129","379129","169"
"SW19 7","2343929","14","1652557","35","1010385","13","503511","48","1163255","110"
"SW19 8","870000","6","982340","31","676958","163","289321","121","563939","321"
"SW1A 1","0","0","0","0","0","0","3167907","7","3167907","7"
"SW1A 2","0","0","0","0","0","0","1245833","6","1245833","6"
"SW1E 5","0","0","0","0","0","0","1624594","8","1624594","8"
"SW1E 6","0","0","0","0","1900000","1","891729","7","1017762","8"
"SW1H 0","0","0","0","0","0","0","863875","8","863875","8"
"SW1H 9","0","0","0","0","0","0","664371","12","664371","12"
"SW1P 1","0","0","1360000","1","0","0","1131433","30","1138806","31"
"SW1P 2","0","0","0","0","2621272","4","741836","40","912694","44"
"SW1P 3","0","0","9500000","1","3550000","1","835777","18","1404700","20"
"SW1P 4","0","0","0","0","1684800","5","703759","101","750034","106"
"SW1V 1","0","0","0","0","1359567","10","701303","38","838442","48"
"SW1V 2","0","0","0","0","1925000","5","729783","108","782669","113"
"SW1V 3","0","0","0","0","1194000","5","572439","96","603209","101"
"SW1V 4","0","0","0","0","2226182","22","640030","79","985528","101"
"SW1W 0","0","0","0","0","4700000","2","1637037","26","1855820","28"
"SW1W 8","0","0","2503000","1","3498245","24","1119379","87","1641490","112"
"SW1W 9","0","0","0","0","5925071","14","3840333","33","4461319","47"
"SW1X 0","0","0","4250000","1","5961111","9","2404923","53","2942237","63"
"SW1X 7","0","0","4650000","1","7637425","8","8613950","10","7994153","19"
"SW1X 8","0","0","1547000","1","3216444","9","3579811","27","3436484","37"
"SW1X 9","0","0","0","0","2508333","3","2706719","21","2681921","24"
"SW1Y 4","0","0","0","0","0","0","537500","2","537500","2"
"SW1Y 5","0","0","0","0","0","0","7550000","2","7550000","2"
"SW1Y 6","0","0","0","0","0","0","2070662","8","2070662","8"
"SW2 1","0","0","950000","1","701589","24","322160","80","414866","105"
"SW2 2","999995","1","586580","8","586468","43","311415","142","387277","194"
"SW2 3","680000","3","727719","16","489662","35","266322","140","351066","194"
"SW2 4","799950","1","919318","11","665348","27","301332","173","382110","212"
"SW2 5","0","0","850000","1","565731","40","361207","147","407323","188"
"SW20 0","1854790","31","747311","40","667589","22","339972","77","754446","170"
"SW20 8","1496566","10","879282","14","551588","109","334906","119","504970","252"
"SW20 9","568500","5","488442","30","501236","62","243919","42","423144","139"
"SW3 1","0","0","0","0","4541950","4","2202669","34","2448909","38"
"SW3 2","1982429","2","0","0","4405424","34","1864177","62","2748248","98"
"SW3 3","0","0","0","0","2966719","16","699907","92","1035731","108"
"SW3 4","0","0","0","0","3910117","31","1595980","49","2492708","80"
"SW3 5","0","0","1390108","2","4422308","13","912922","85","1378686","100"
"SW3 6","9350000","1","8888333","6","4782361","18","1875023","43","3373360","68"
"SW4 0","1080000","1","1138500","5","987452","31","482431","99","626060","136"
"SW4 6","1062500","2","645384","5","819146","32","371947","126","475332","165"
"SW4 7","735000","1","2187500","2","880967","18","447275","129","524439","150"
"SW4 8","2250000","1","1328883","9","883021","20","362495","94","531813","124"
"SW4 9","0","0","1350889","9","1303653","62","495953","88","859298","159"
"SW5 0","0","0","0","0","3197917","12","1310963","126","1475046","138"
"SW5 9","0","0","0","0","1766800","5","789679","154","820406","159"
"SW6 1","0","0","0","0","1256780","23","546677","111","668560","134"
"SW6 2","0","0","1275000","2","1380164","70","746576","255","885439","327"
"SW6 3","737500","2","3485000","3","2069824","80","789497","77","1471032","162"
"SW6 4","4732500","1","0","0","1690218","70","581197","92","1082932","163"
"SW6 5","2275000","2","2395000","1","1580544","56","544343","79","1003323","138"
"SW6 6","0","0","2339007","14","1228984","59","577819","151","859405","224"
"SW6 7","0","0","1095000","1","1040191","86","487019","139","700208","226"
"SW7 1","0","0","0","0","5810000","18","4818687","38","5137323","56"
"SW7 2","0","0","0","0","4610000","10","2867026","18","3489517","28"
"SW7 3","0","0","0","0","4468444","9","1641380","76","1940716","85"
"SW7 4","0","0","0","0","1155000","3","1278944","94","1275111","97"
"SW7 5","2950000","1","0","0","2652083","12","1296134","88","1473612","101"
"SW8 1","609875","1","670000","1","852130","22","325829","69","457085","93"
"SW8 2","782500","1","1044000","2","782857","7","832754","161","832889","171"
"SW8 3","0","0","0","0","627884","11","449394","85","469846","96"
"SW8 4","0","0","0","0","668500","2","493010","139","495499","141"
"SW8 5","0","0","0","0","0","0","605000","2","605000","2"
"SW9 0","647500","2","1334600","5","954625","8","360129","202","407148","217"
"SW9 6","537500","1","875000","1","563719","16","301100","63","362979","81"
"SW9 7","600000","1","0","0","330000","2","267510","40","278149","43"
"SW9 8","393000","1","0","0","452750","14","327435","139","339253","154"
"SW9 9","676000","1","838333","3","632629","38","362908","167","420270","209"
"TN14 7","526667","3","585000","1","133524","1","0","0","459705","5"
"TN16 2","512075","6","0","0","247500","1","0","0","474279","7"
"TN16 3","359293","67","278604","48","245150","40","169558","26","285415","181"
"TW1 1","1577000","12","950118","22","711966","57","320900","75","629374","166"
"TW1 2","2220695","10","1161692","13","1289031","15","466933","77","805203","115"
"TW1 3","1055000","2","1293239","14","834141","28","323298","47","645783","91"
"TW1 4","1299643","14","919355","29","654627","58","294942","57","630610","158"
"TW10 5","2117857","7","1049591","11","0","0","365762","30","777987","48"
"TW10 6","2741024","10","1990094","16","1071417","35","529612","125","876091","186"
"TW10 7","1878673","15","934156","16","505598","44","278810","35","683011","110"
"TW11 0","1051627","10","719343","33","624698","39","303459","64","534515","146"
"TW11 1","560000","1","0","0","0","0","0","0","560000","1"
"TW11 8","1205208","12","814888","21","609576","84","291940","74","546508","191"
"TW11 9","1073631","19","976952","22","681432","43","405417","122","585701","206"
"TW12 1","878038","13","602762","32","430178","36","258759","52","448457","133"
"TW12 2","835174","27","588078","53","400000","42","260502","56","478123","178"
"TW12 3","587292","13","466100","29","302275","46","207688","13","373825","101"
"TW13 4","263500","5","257109","22","227694","57","151937","62","201182","146"
"TW13 5","373000","4","260838","26","218176","25","170448","21","227732","76"
"TW13 6","362333","6","269415","36","241924","38","174408","31","238493","111"
"TW13 7","247000","2","292624","19","230126","31","168024","19","230707","71"
"TW14 0","363750","4","278014","18","237684","32","173632","17","239674","71"
"TW14 8","290000","3","253084","44","226195","20","160644","32","218891","99"
"TW14 9","260833","3","246922","71","226758","31","161330","25","225974","130"
"TW15 1","300000","1","0","0","0","0","169500","2","213000","3"
"TW2 5","706783","9","672183","47","471504","54","283410","76","456742","186"
"TW2 6","484895","10","418136","67","433527","72","252296","28","401934","177"
"TW2 7","456829","12","466099","69","403468","51","235067","44","389560","176"
"TW3 1","347500","1","274125","8","305563","24","213431","31","257662","64"
"TW3 2","473994","8","349476","40","287100","19","187842","18","313024","85"
"TW3 3","279000","2","324824","17","276833","15","175471","34","238213","68"
"TW3 4","310000","2","327694","25","278217","9","184329","12","281839","48"
"TW4 5","337500","2","336275","16","248930","23","175319","42","230653","83"
"TW4 6","0","0","267500","5","307043","23","193782","29","245950","57"
"TW4 7","347000","1","292722","11","259245","19","177437","8","254156","39"
"TW5 0","383500","10","325748","54","259741","16","193620","25","289731","105"
"TW5 9","388860","5","338155","29","260823","28","152795","11","284036","73"
"TW7 4","628928","7","529546","25","474793","44","241327","52","399071","128"
"TW7 5","1507375","4","478093","27","398427","30","241984","43","397078","104"
"TW7 6","587500","2","380398","33","393928","71","258733","62","343681","168"
"TW7 7","322400","5","396639","35","354101","52","244978","27","340521","119"
"TW8 0","0","0","455000","1","384336","49","371769","246","374131","296"
"TW8 8","0","0","491700","5","397000","5","311175","56","331353","66"
"TW8 9","820000","2","463583","12","425941","28","241320","28","369804","70"
"TW9 1","495000","1","1202222","9","1026520","25","482778","64","685614","99"
"TW9 2","2313200","5","1204673","11","722244","78","362960","41","711361","135"
"TW9 3","2400833","6","1407962","12","856093","21","434905","28","917251","67"
"TW9 4","1582727","11","917006","22","703695","28","402633","88","622277","149"
"UB1 1","0","0","328500","2","250792","19","129750","4","237642","25"
"UB1 2","0","0","262577","13","254018","43","154077","13","236801","69"
"UB1 3","295000","1","301429","7","250850","10","157385","13","224500","31"
"UB10 0","512625","28","309296","37","277129","39","181770","35","309118","139"
"UB10 8","608802","71","403203","64","312280","15","205566","28","446461","178"
"UB10 9","524717","23","317480","30","270652","41","180860","15","324794","109"
"UB2 4","575400","5","425500","10","272469","16","213497","33","289639","64"
"UB2 5","347500","2","297881","18","240080","58","175945","110","209231","188"
"UB3 1","0","0","247097","40","235383","26","138800","5","235181","71"
"UB3 2","270000","1","266345","44","265138","60","178226","65","232248","170"
"UB3 3","302667","3","244929","17","249167","6","133228","9","221881","35"
"UB3 4","234500","2","253696","30","241897","20","198227","57","222172","109"
"UB3 5","400000","1","264929","14","221025","16","163059","29","206235","60"
"UB4 0","327000","3","266340","47","239576","19","174429","7","253578","76"
"UB4 8","380000","4","274468","67","231562","40","147561","23","243028","134"
"UB4 9","324600","10","251069","37","220984","38","158768","42","217332","127"
"UB5 4","277500","2","288751","37","264990","56","183086","46","244682","141"
"UB5 5","630000","1","297412","41","252714","25","153396","37","238629","104"
"UB5 6","0","0","278656","25","247031","29","170697","88","205293","142"
"UB6 0","593000","2","359398","21","306437","67","169389","9","311001","99"
"UB6 7","0","0","382408","6","306826","41","189036","14","287226","61"
"UB6 8","0","0","328172","54","304930","52","194684","32","288461","138"
"UB6 9","376778","9","330558","24","284174","68","215175","52","273446","153"
"UB7 0","347150","3","341250","2","234286","7","153667","3","254997","15"
"UB7 7","402309","16","292790","29","219276","19","169142","64","233744","128"
"UB7 8","250000","1","246898","21","221833","18","136983","15","208775","55"
"UB7 9","377142","7","280538","33","298437","73","220049","148","253835","261"
"UB8 1","550245","10","341562","8","289586","11","218142","24","314260","53"
"UB8 2","311500","10","289982","39","263029","34","158175","54","232910","137"
"UB8 3","362993","35","266851","62","239147","38","171772","48","254547","183"
"UB9 6","496746","14","358146","29","286805","31","232918","27","321984","101"
"W10 4","0","0","0","0","631031","45","335789","56","467332","101"
"W10 5","3512750","2","1875000","1","758333","6","531986","86","623171","95"
"W10 6","0","0","9850000","1","1375537","29","558757","89","835882","119"
"W11 1","0","0","0","0","2299423","13","551934","125","716552","138"
"W11 2","0","0","1900000","1","5104436","14","1166657","103","1640066","118"
"W11 3","16127500","2","4925000","2","3478905","21","1621195","46","2672352","71"
"W11 4","0","0","7358333","3","2899749","42","666052","50","1864916","95"
"W12 0","0","0","665000","10","602832","56","354710","48","503813","114"
"W12 7","1600000","1","0","0","681447","19","302673","64","403793","84"
"W12 8","577500","2","1093333","3","1214249","40","386067","151","567862","196"
"W12 9","735000","1","1340417","12","981856","51","383293","133","598338","197"
"W13 0","715000","4","588873","22","476647","39","286078","76","398201","141"
"W13 8","1429444","9","865406","27","614233","12","301767","59","573888","107"
"W13 9","1247857","7","756500","27","561363","97","296334","62","528422","193"
"W14 0","730000","1","0","0","1684560","50","550895","184","792863","235"
"W14 8","0","0","0","0","3138564","32","803338","152","1209464","184"
"W14 9","0","0","0","0","1132917","12","476656","199","513979","211"
"W1B 1","0","0","0","0","0","0","1840536","14","1840536","14"
"W1D 2","0","0","0","0","0","0","1803150","1","1803150","1"
"W1D 3","0","0","0","0","0","0","1986643","7","1986643","7"
"W1D 4","0","0","0","0","0","0","4400000","1","4400000","1"
"W1D 5","0","0","0","0","0","0","717500","2","717500","2"
"W1F 0","0","0","0","0","3675000","1","759900","10","1024909","11"
"W1F 7","0","0","0","0","0","0","934000","4","934000","4"
"W1F 8","0","0","0","0","0","0","2142658","15","2142658","15"
"W1F 9","0","0","0","0","3450000","1","575000","1","2012500","2"
"W1G 6","0","0","0","0","6870175","6","959219","21","2272765","27"
"W1G 7","0","0","0","0","0","0","1855000","5","1855000","5"
"W1G 8","0","0","0","0","2000000","1","1081752","27","1114546","28"
"W1G 9","0","0","0","0","0","0","2546107","14","2546107","14"
"W1H 1","0","0","0","0","2346250","4","1216577","13","1482382","17"
"W1H 2","0","0","0","0","3259375","8","1488844","33","1834313","41"
"W1H 4","0","0","0","0","0","0","545246","12","545246","12"
"W1H 5","0","0","0","0","1462000","5","754045","39","834494","44"
"W1H 6","0","0","0","0","0","0","2157375","8","2157375","8"
"W1H 7","0","0","0","0","5250000","1","1512997","17","1720608","18"
"W1H 9","0","0","0","0","12250000","1","0","0","12250000","1"
"W1J 0","0","0","0","0","0","0","2450000","1","2450000","1"
"W1J 5","0","0","0","0","4087500","2","2510775","4","3036350","6"
"W1J 7","0","0","0","0","0","0","2460000","10","2460000","10"
"W1J 8","0","0","0","0","0","0","1747000","5","1747000","5"
"W1K 1","0","0","0","0","13500000","1","2443333","6","4022857","7"
"W1K 2","0","0","0","0","0","0","2996491","14","2996491","14"
"W1K 3","0","0","0","0","0","0","3424000","5","3424000","5"
"W1K 4","0","0","0","0","0","0","973999","5","973999","5"
"W1K 5","0","0","0","0","0","0","1841667","3","1841667","3"
"W1K 6","0","0","0","0","0","0","2326000","4","2326000","4"
"W1K 7","0","0","0","0","0","0","3736293","10","3736293","10"
"W1S 1","0","0","0","0","0","0","2379000","2","2379000","2"
"W1S 2","0","0","0","0","0","0","1638250","2","1638250","2"
"W1S 3","0","0","0","0","11200000","1","0","0","11200000","1"
"W1T 1","0","0","0","0","0","0","1124555","11","1124555","11"
"W1T 2","0","0","0","0","2494000","1","1214400","5","1427667","6"
"W1T 3","0","0","0","0","0","0","871900","10","871900","10"
"W1T 4","0","0","0","0","0","0","577359","31","577359","31"
"W1T 5","0","0","0","0","0","0","1082200","5","1082200","5"
"W1T 6","0","0","0","0","1665000","1","657644","17","713608","18"
"W1U 1","0","0","0","0","0","0","1457031","24","1457031","24"
"W1U 2","0","0","0","0","0","0","712500","2","712500","2"
"W1U 3","0","0","0","0","0","0","1036833","9","1036833","9"
"W1U 4","0","0","0","0","0","0","755011","9","755011","9"
"W1U 5","0","0","0","0","2806500","2","1177778","18","1340650","20"
"W1U 6","0","0","0","0","5100000","1","1390523","27","1523004","28"
"W1U 7","0","0","0","0","5250000","1","1102500","2","2485000","3"
"W1W 5","0","0","0","0","1750000","1","1066018","41","1082303","42"
"W1W 6","0","0","0","0","1660000","2","1035880","27","1078923","29"
"W1W 7","0","0","0","0","0","0","1674828","9","1674828","9"
"W1W 8","0","0","0","0","0","0","2250000","1","2250000","1"
"W2 1","0","0","0","0","1429500","4","607066","69","652131","73"
"W2 2","745000","1","0","0","2611892","22","918878","158","1123698","181"
"W2 3","0","0","3500000","1","3053750","8","1193076","123","1323321","132"
"W2 4","0","0","0","0","2277500","10","987375","111","1093997","121"
"W2 5","0","0","1070500","2","2904194","20","707890","120","1022336","142"
"W2 6","0","0","0","0","1085833","6","662926","113","684249","119"
"W3 0","500000","1","543662","21","551413","24","394777","25","493243","71"
"W3 6","782500","2","779435","23","644932","44","268542","143","406936","212"
"W3 7","1230000","6","709284","22","670907","36","311889","164","431082","228"
"W3 8","0","0","736667","3","578803","44","324882","138","391952","185"
"W3 9","1063125","8","926817","39","612000","1","287021","56","589769","104"
"W4 1","3616667","3","2052214","26","1102573","67","502441","44","1144195","140"
"W4 2","1361667","3","1404962","21","1032486","65","460530","75","824637","164"
"W4 3","1844000","7","1412167","24","1048402","66","405111","97","800465","194"
"W4 4","1375555","5","1744995","16","1411182","9","437528","74","768032","104"
"W4 5","1050000","1","996600","10","848781","63","417277","100","610442","174"
"W5 1","1332500","4","721432","31","622937","52","306134","68","521963","155"
"W5 2","1864474","19","913079","7","675371","12","439986","214","571738","252"
"W5 3","1198798","20","862197","20","511462","11","375440","84","580614","135"
"W5 4","835538","13","694353","17","571068","76","302921","60","507485","166"
"W5 5","0","0","921727","13","832408","21","400381","44","603587","78"
"W6 0","2521000","4","2121818","11","1189644","52","443382","116","801736","183"
"W6 7","0","0","750000","1","1391944","18","434241","69","633723","88"
"W6 8","775000","1","0","0","916407","44","391082","82","576107","127"
"W6 9","0","0","866667","3","1100239","36","436553","72","663427","111"
"W7 1","624999","2","409264","11","349838","67","233398","25","333581","105"
"W7 2","623000","5","500432","36","454480","52","290936","68","400914","161"
"W7 3","532667","9","450935","31","389860","50","229961","44","361077","134"
"W8 4","0","0","0","0","3585716","18","1096159","55","1710023","73"
"W8 5","5000000","1","15000000","1","4868667","15","1862314","65","2610737","82"
"W8 6","0","0","5147500","6","3374667","30","1379147","80","2090145","116"
"W8 7","0","0","18989400","1","4552062","25","2007152","53","3027468","79"
"W9 1","3000000","1","3225000","5","3365996","14","874835","218","1079676","238"
"W9 2","0","0","2945000","2","1459000","10","639330","185","704345","197"
"W9 3","0","0","575000","1","736885","19","422383","179","453178","199"
"WC1A 1","0","0","0","0","0","0","896250","4","896250","4"
"WC1A 2","0","0","0","0","0","0","838000","5","838000","5"
"WC1B 3","0","0","0","0","3350000","1","1131250","4","1575000","5"
"WC1B 4","0","0","0","0","0","0","719583","6","719583","6"
"WC1B 5","0","0","0","0","0","0","585000","1","585000","1"
"WC1E 6","0","0","0","0","0","0","554654","13","554654","13"
"WC1E 7","0","0","0","0","0","0","1152357","14","1152357","14"
"WC1H 0","0","0","0","0","0","0","268436","39","268436","39"
"WC1H 8","0","0","0","0","0","0","438970","10","438970","10"
"WC1H 9","0","0","0","0","2000000","1","317398","130","330242","131"
"WC1N 1","0","0","0","0","1743143","7","610376","21","893568","28"
"WC1N 2","0","0","0","0","3368150","4","768211","19","1220374","23"
"WC1N 3","0","0","0","0","3776350","2","643494","18","956780","20"
"WC1R 4","0","0","0","0","0","0","786256","21","786256","21"
"WC1V 6","0","0","0","0","0","0","1190000","3","1190000","3"
"WC1X 0","0","0","0","0","1994999","1","490594","16","579088","17"
"WC1X 8","0","0","0","0","10000","1","524967","18","497863","19"
"WC1X 9","0","0","0","0","1668750","4","519679","26","672889","30"
"WC2B 4","0","0","0","0","0","0","905000","4","905000","4"
"WC2B 5","0","0","0","0","0","0","1101615","13","1101615","13"
"WC2B 6","0","0","0","0","0","0","800000","1","800000","1"
"WC2E 7","0","0","0","0","0","0","1313922","8","1313922","8"
"WC2E 8","0","0","0","0","0","0","5430000","5","5430000","5"
"WC2E 9","0","0","0","0","0","0","1428571","14","1428571","14"
"WC2H 0","0","0","0","0","0","0","493000","5","493000","5"
"WC2H 7","0","0","0","0","0","0","1062667","3","1062667","3"
"WC2H 8","0","0","0","0","0","0","914943","7","914943","7"
"WC2H 9","0","0","0","0","0","0","991045","15","991045","15"
"WC2N 4","0","0","0","0","0","0","746425","6","746425","6"
"WC2N 5","0","0","0","0","0","0","2770000","7","2770000","7"
"WC2N 6","0","0","0","0","0","0","1327888","9","1327888","9"
"WC2R 0","0","0","0","0","0","0","1758333","3","1758333","3"
"WC2R 1","0","0","0","0","0","0","1159148","62","1159148","62"
"WD23 1","0","0","0","0","600000","1","0","0","600000","1"
"WD3 8","0","0","0","0","0","0","249950","1","249950","1"
"Total","821001","5402","494291","15804","536742","29874","406160","60224","473856","111304"
